{
	"id": "739c3661-3b1b-433c-b2ce-a0f247434a75",
	"name": "SpotifyEnvironment",
	"values": [
		{
			"key": "access_token",
			"value": "",
			"type": "default",
			"enabled": true
		},
		{
			"key": "client_ID",
			"value": "cfe78484c010407cb48587d7797ca5fe",
			"type": "default",
			"enabled": true
		},
		{
			"key": "client_secret",
			"value": "3eb3a625945c4bdfb06bce42e4f12983",
			"type": "default",
			"enabled": true
		},
		{
			"key": "artist_id",
			"value": "4Z8W4fKeB5YxbusRsdQVPb",
			"type": "default",
			"enabled": true
		},
		{
			"key": "playlist_id",
			"value": "3cEYpjA9oz9GiPac4AsH4n",
			"type": "default",
			"enabled": true
		},
		{
			"key": "search_filter",
			"value": "remaster%2520track%3ADoxy%2520artist%3AMiles%2520Davis&type=album",
			"type": "default",
			"enabled": true
		},
		{
			"key": "redirect_uri",
			"value": "http://localhost:3000",
			"type": "default",
			"enabled": true
		},
		{
			"key": "user_id",
			"value": "59nwal3kt7sdp82igiqd9wgnn",
			"type": "default",
			"enabled": true
		}
	],
	"_postman_variable_scope": "environment",
	"_postman_exported_at": "2024-01-15T07:02:10.855Z",
	"_postman_exported_using": "Postman/10.21.14"
}