{
	"info": {
		"_postman_id": "4297a746-a932-4fa4-bd0f-8e0a279f7564",
		"name": "Spotify",
		"schema": "https://schema.getpostman.com/json/collection/v2.1.0/collection.json",
		"_exporter_id": "13334423"
	},
	"item": [
		{
			"name": "getToken",
			"event": [
				{
					"listen": "test",
					"script": {
						"exec": [
							"// Parse the JSON response\r",
							"var jsonData = pm.response.json();\r",
							"\r",
							"// Extract the access token\r",
							"var accessToken = jsonData.access_token;\r",
							"\r",
							"// Set the access token as an environment variable\r",
							"pm.environment.set(\"access_token\", accessToken);"
						],
						"type": "text/javascript"
					}
				}
			],
			"request": {
				"method": "POST",
				"header": [
					{
						"key": "Content-Type",
						"value": "application/x-www-form-urlencoded",
						"type": "text"
					}
				],
				"body": {
					"mode": "raw",
					"raw": "grant_type=client_credentials&client_id={{client_ID}}&client_secret={{client_secret}}",
					"options": {
						"raw": {
							"language": "html"
						}
					}
				},
				"url": {
					"raw": "https://accounts.spotify.com/api/token",
					"protocol": "https",
					"host": [
						"accounts",
						"spotify",
						"com"
					],
					"path": [
						"api",
						"token"
					]
				}
			},
			"response": []
		},
		{
			"name": "authorization",
			"request": {
				"method": "GET",
				"header": [],
				"url": {
					"raw": "https://accounts.spotify.com/authorize?client_id={{client_ID}}&response_type=code&redirect_uri={{redirect_uri}}&scope=user-create-partner user-library-modify user-read-private user-read-playback-position user-follow-modify user-read-private",
					"protocol": "https",
					"host": [
						"accounts",
						"spotify",
						"com"
					],
					"path": [
						"authorize"
					],
					"query": [
						{
							"key": "client_id",
							"value": "{{client_ID}}"
						},
						{
							"key": "response_type",
							"value": "code"
						},
						{
							"key": "redirect_uri",
							"value": "{{redirect_uri}}"
						},
						{
							"key": "scope",
							"value": "user-create-partner user-library-modify user-read-private user-read-playback-position user-follow-modify user-read-private"
						},
						{
							"key": "state",
							"value": null,
							"disabled": true
						}
					]
				}
			},
			"response": []
		},
		{
			"name": "getArtist",
			"request": {
				"auth": {
					"type": "bearer",
					"bearer": [
						{
							"key": "token",
							"value": "{{access_token}}",
							"type": "string"
						}
					]
				},
				"method": "GET",
				"header": [],
				"url": {
					"raw": "https://api.spotify.com/v1/artists/{{artist_id}}",
					"protocol": "https",
					"host": [
						"api",
						"spotify",
						"com"
					],
					"path": [
						"v1",
						"artists",
						"{{artist_id}}"
					]
				}
			},
			"response": []
		},
		{
			"name": "search",
			"request": {
				"auth": {
					"type": "bearer",
					"bearer": [
						{
							"key": "token",
							"value": "{{access_token}}",
							"type": "string"
						}
					]
				},
				"method": "GET",
				"header": [],
				"url": {
					"raw": "https://api.spotify.com/v1/search?q={{search_filter}}",
					"protocol": "https",
					"host": [
						"api",
						"spotify",
						"com"
					],
					"path": [
						"v1",
						"search"
					],
					"query": [
						{
							"key": "q",
							"value": "{{search_filter}}"
						}
					]
				}
			},
			"response": []
		},
		{
			"name": "getPlaylist",
			"request": {
				"auth": {
					"type": "bearer",
					"bearer": [
						{
							"key": "token",
							"value": "{{access_token}}",
							"type": "string"
						}
					]
				},
				"method": "GET",
				"header": [],
				"url": {
					"raw": "https://api.spotify.com/v1/playlists/{{playlist_id}}",
					"protocol": "https",
					"host": [
						"api",
						"spotify",
						"com"
					],
					"path": [
						"v1",
						"playlists",
						"{{playlist_id}}"
					]
				}
			},
			"response": []
		},
		{
			"name": "getPlaylistItems",
			"request": {
				"auth": {
					"type": "bearer",
					"bearer": [
						{
							"key": "token",
							"value": "{{access_token}}",
							"type": "string"
						}
					]
				},
				"method": "GET",
				"header": [],
				"url": {
					"raw": "https://api.spotify.com/v1/playlists/{{playlist_id}}/tracks",
					"protocol": "https",
					"host": [
						"api",
						"spotify",
						"com"
					],
					"path": [
						"v1",
						"playlists",
						"{{playlist_id}}",
						"tracks"
					]
				}
			},
			"response": []
		},
		{
			"name": "addItemsToPlaylist",
			"request": {
				"auth": {
					"type": "bearer",
					"bearer": [
						{
							"key": "token",
							"value": "{{access_token}}",
							"type": "string"
						}
					]
				},
				"method": "POST",
				"header": [
					{
						"key": "Content-Type",
						"value": "application/json",
						"type": "text"
					}
				],
				"body": {
					"mode": "raw",
					"raw": "{\r\n    \"uris\": [\r\n        \"string\"\r\n    ],\r\n    \"position\": 0\r\n}",
					"options": {
						"raw": {
							"language": "json"
						}
					}
				},
				"url": {
					"raw": "https://api.spotify.com/v1/playlists/{playlist_id}/tracks",
					"protocol": "https",
					"host": [
						"api",
						"spotify",
						"com"
					],
					"path": [
						"v1",
						"playlists",
						"{playlist_id}",
						"tracks"
					]
				}
			},
			"response": []
		},
		{
			"name": "removeItemsFromPlaylist",
			"request": {
				"auth": {
					"type": "bearer",
					"bearer": [
						{
							"key": "token",
							"value": "{{access_token}}",
							"type": "string"
						}
					]
				},
				"method": "DELETE",
				"header": [
					{
						"key": "Content-Type",
						"value": "application/json",
						"type": "text"
					}
				],
				"body": {
					"mode": "raw",
					"raw": "{\r\n    \"tracks\": [\r\n        {\r\n            \"uri\": \"string\"\r\n        }\r\n    ],\r\n    \"snapshot_id\": \"string\"\r\n}",
					"options": {
						"raw": {
							"language": "json"
						}
					}
				},
				"url": {
					"raw": "https://api.spotify.com/v1/playlists/{playlist_id}/tracks",
					"protocol": "https",
					"host": [
						"api",
						"spotify",
						"com"
					],
					"path": [
						"v1",
						"playlists",
						"{playlist_id}",
						"tracks"
					]
				}
			},
			"response": []
		},
		{
			"name": "createPlaylist",
			"protocolProfileBehavior": {
				"disableBodyPruning": true
			},
			"request": {
				"auth": {
					"type": "bearer",
					"bearer": [
						{
							"key": "token",
							"value": "{{access_token}}",
							"type": "string"
						}
					]
				},
				"method": "GET",
				"header": [
					{
						"key": "Content-Type",
						"value": "application/json",
						"type": "text"
					}
				],
				"body": {
					"mode": "raw",
					"raw": "{\r\n    \"name\": \"New Playlist\",\r\n    \"description\": \"New playlist description\",\r\n    \"public\": false\r\n}",
					"options": {
						"raw": {
							"language": "json"
						}
					}
				},
				"url": {
					"raw": "https://api.spotify.com/v1/users/{{user_id}}/playlists",
					"protocol": "https",
					"host": [
						"api",
						"spotify",
						"com"
					],
					"path": [
						"v1",
						"users",
						"{{user_id}}",
						"playlists"
					]
				}
			},
			"response": []
		},
		{
			"name": "getUserPlaylist",
			"request": {
				"method": "GET",
				"header": []
			},
			"response": []
		},
		{
			"name": "getCurrentUserProfile",
			"request": {
				"auth": {
					"type": "bearer",
					"bearer": [
						{
							"key": "token",
							"value": "{{access_token}}",
							"type": "string"
						}
					]
				},
				"method": "GET",
				"header": [],
				"url": {
					"raw": "https://api.spotify.com/v1/me",
					"protocol": "https",
					"host": [
						"api",
						"spotify",
						"com"
					],
					"path": [
						"v1",
						"me"
					]
				}
			},
			"response": []
		}
	]
}